<ui>
  <!--
    Copyright (c) 2004-2007 os-cillation

    Terminal User Interface description file, parsed by Terminal to create
    the interface.
  -->

  <!-- The main menu bar -->
  <menubar name="main-menu">
    <menu action="file-menu">
      <menuitem action="new-tab"/>
      <menuitem action="new-window"/>
      <menuitem action="undo-close-tab"/>
      <separator/>
      <menuitem action="detach-tab"/>
      <separator/>
      <menuitem action="close-tab"/>
      <menuitem action="close-other-tabs"/>
      <menuitem action="close-window"/>
    </menu>
    <menu action="edit-menu">
      <menuitem action="copy"/>
      <menuitem action="paste"/>
      <menuitem action="paste-selection"/>
      <separator/>
      <menuitem action="select-all"/>
      <separator/>
      <menuitem action="copy-input"/>
      <separator/>
      <menuitem action="preferences"/>
    </menu>
    <menu action="view-menu">
      <menuitem action="show-menubar"/>
      <menuitem action="show-toolbar"/>
      <menuitem action="show-borders"/>
      <menuitem action="fullscreen"/>
      <separator/>
      <menuitem action="zoom-in"/>
      <menuitem action="zoom-out"/>
      <menuitem action="zoom-reset"/>
    </menu>
    <menu action="terminal-menu">
      <menuitem action="set-title"/>
      <menuitem action="set-title-color"/>
      <separator/>
      <menuitem action="search"/>
      <menuitem action="search-next"/>
      <menuitem action="search-prev"/>
      <separator/>
      <menuitem action="set-encoding"/>
      <separator/>
      <menuitem action="read-only"/>
      <menuitem action="scroll-on-output"/>
      <separator/>
      <menuitem action="save-contents"/>
      <separator/>
      <menuitem action="reset"/>
      <menuitem action="reset-and-clear"/>
    </menu>
    <menu action="tabs-menu">
      <menuitem action="prev-tab"/>
      <menuitem action="next-tab"/>
      <menuitem action="last-active-tab"/>
      <separator/>
      <menuitem action="move-tab-left"/>
      <menuitem action="move-tab-right"/>
      <separator/>
      <placeholder name="placeholder-tab-items"/>
    </menu>
    <menu action="help-menu">
      <menuitem action="contents"/>
      <menuitem action="about"/>
    </menu>
  </menubar>

  <!-- The right click menu -->
  <popup name="popup-menu">
    <menuitem action="new-window"/>
    <menuitem action="new-tab"/>
    <separator/>
    <menuitem action="copy"/>
    <menuitem action="paste"/>
    <separator/>
    <menuitem action="show-menubar"/>
    <menuitem action="fullscreen"/>
    <menuitem action="read-only"/>
    <separator/>
    <menu action="zoom-menu">
      <menuitem action="zoom-in"/>
      <menuitem action="zoom-out"/>
      <menuitem action="zoom-reset"/>
    </menu>
    <separator/>
    <menuitem action="save-contents"/>
    <separator/>
    <menuitem action="preferences"/>
  </popup>

  <!-- The right click tab menu -->
  <popup name="tab-menu">
    <menuitem action="detach-tab"/>
    <menuitem action="close-other-tabs"/>
    <separator/>
    <menuitem action="set-title"/>
    <menuitem action="set-title-color"/>
    <separator/>
    <menuitem action="move-tab-left"/>
    <menuitem action="move-tab-right"/>
    <separator/>
    <menu action="tabs-menu">
      <placeholder name="placeholder-tab-items"/>
    </menu>
    <separator/>
    <menuitem action="close-tab"/>
  </popup>

  <!-- The toolbar -->
  <toolbar name="main-toolbar">
    <toolitem action="new-tab"/>
    <toolitem action="new-window"/>
    <separator/>
    <toolitem action="copy"/>
    <toolitem action="paste"/>
    <separator/>
    <toolitem action="search"/>
    <separator/>
    <toolitem action="fullscreen"/>
    <toolitem action="preferences"/>
    <separator/>
    <toolitem action="prev-tab"/>
    <toolitem action="next-tab"/>
    <separator/>
    <toolitem action="contents"/>
  </toolbar>
</ui>

<!--
  vi:set ts=2 sw=2 ai et:
-->
